timestamp,polarity,open
15-11-2019 16:00,0.0683,149.82
15-11-2019 15:55,0.4478,149.61
15-11-2019 15:50,0.2936,149.5398
15-11-2019 15:45,0.5884,149.465
15-11-2019 15:40,0.4095,149.3826
15-11-2019 15:35,0.5541,149.4905
15-11-2019 15:30,0.8485,149.525
15-11-2019 15:25,0.5718,149.63
15-11-2019 15:20,0.5338,149.64
15-11-2019 15:15,0.5942,149.62
15-11-2019 15:10,0.2289,149.665
15-11-2019 15:05,0.6161,149.657
15-11-2019 15:00,0.1615,149.63
15-11-2019 14:55,0.6271,149.6037
15-11-2019 14:50,0.8347,149.63
15-11-2019 14:45,0.6362,149.52
15-11-2019 14:40,0.3266,149.51
15-11-2019 14:35,0.3097,149.56
15-11-2019 14:30,0.6579,149.6001
15-11-2019 14:25,0.5958,149.6144
15-11-2019 14:20,0.3263,149.65
15-11-2019 14:15,0.6806,149.555
15-11-2019 14:10,0.3973,149.5199
15-11-2019 14:05,0.2099,149.49
15-11-2019 14:00,0.5207,149.58
15-11-2019 13:55,0.7584,149.57
15-11-2019 13:50,0.8496,149.595
15-11-2019 13:45,0.9481,149.5958
15-11-2019 13:40,0.2542,149.62
15-11-2019 13:35,0.5400,149.568
15-11-2019 13:30,0.0029,149.55
15-11-2019 13:25,0.1199,149.6822
15-11-2019 13:20,0.9832,149.595
15-11-2019 13:15,0.7205,149.545
15-11-2019 13:10,0.9478,149.575
15-11-2019 13:05,0.5575,149.64
15-11-2019 13:00,0.8639,149.69
15-11-2019 12:55,0.5457,149.85
15-11-2019 12:50,0.1273,149.77
15-11-2019 12:45,0.3369,149.64
15-11-2019 12:40,0.2118,149.72
15-11-2019 12:35,0.1291,149.62
15-11-2019 12:30,0.8067,149.58
15-11-2019 12:25,0.8800,149.7099
15-11-2019 12:20,0.3230,149.56
15-11-2019 12:15,0.0031,149.58
15-11-2019 12:10,0.7913,149.6674
15-11-2019 12:05,0.0255,149.5737
15-11-2019 12:00,0.4914,149.52
15-11-2019 11:55,0.0016,149.5575
15-11-2019 11:50,0.3935,149.5353
15-11-2019 11:45,0.2454,149.59
15-11-2019 11:40,0.6150,149.655
15-11-2019 11:35,0.4500,149.74
15-11-2019 11:30,0.1363,149.63
15-11-2019 11:25,0.7304,149.725
15-11-2019 11:20,0.6421,149.6301
15-11-2019 11:15,0.3255,149.77
15-11-2019 11:10,0.6367,149.65
15-11-2019 11:05,0.7705,149.55
15-11-2019 11:00,0.4561,149.46
15-11-2019 10:55,0.0939,149.325
15-11-2019 10:50,0.1593,149.225
15-11-2019 10:45,0.6063,149.165
15-11-2019 10:40,0.1922,149.125
15-11-2019 10:35,0.1741,149.315
15-11-2019 10:30,0.3128,149.3159
15-11-2019 10:25,0.2773,149.34
15-11-2019 10:20,0.2395,149.155
15-11-2019 10:15,0.1428,148.95
15-11-2019 10:10,0.1619,148.95
15-11-2019 10:05,0.3232,148.715
15-11-2019 10:00,0.0395,148.82
15-11-2019 09:55,0.9397,148.68
15-11-2019 09:50,0.5293,148.4
15-11-2019 09:45,0.2119,148.54
15-11-2019 09:40,0.1209,148.55
15-11-2019 09:35,0.8110,149
14-11-2019 16:00,0.2932,148.2
14-11-2019 15:55,0.1789,148.25
14-11-2019 15:50,0.5663,148.185
14-11-2019 15:45,0.5014,148.14
14-11-2019 15:40,0.0790,148.115
14-11-2019 15:35,0.1404,148.1
14-11-2019 15:30,0.6194,147.98
14-11-2019 15:25,0.1544,147.93
14-11-2019 15:20,0.4195,147.93
14-11-2019 15:15,0.6146,147.94
14-11-2019 15:10,0.2293,147.88
14-11-2019 15:05,0.8425,147.9415
14-11-2019 15:00,0.8761,147.91
14-11-2019 14:55,0.5166,147.89
14-11-2019 14:50,0.5867,147.855
14-11-2019 14:45,0.4338,147.8339
14-11-2019 14:40,0.3106,147.855
14-11-2019 14:35,0.6053,147.79
14-11-2019 14:30,0.0744,147.7771
14-11-2019 14:25,0.6071,147.77
14-11-2019 14:20,0.6246,147.716
14-11-2019 14:15,0.6952,147.709
14-11-2019 14:10,0.3108,147.615
14-11-2019 14:05,0.3380,147.5
14-11-2019 14:00,0.6999,147.65
14-11-2019 13:55,0.4583,147.6801
14-11-2019 13:50,0.8757,147.655
14-11-2019 13:45,0.1595,147.71
14-11-2019 13:40,0.9334,147.6575
14-11-2019 13:35,0.7682,147.66
14-11-2019 13:30,0.1398,147.5607
14-11-2019 13:25,0.8617,147.71
14-11-2019 13:20,0.4066,147.74
14-11-2019 13:15,0.7547,147.7
14-11-2019 13:10,0.1168,147.66
14-11-2019 13:05,0.1486,147.715
14-11-2019 13:00,0.4633,147.67
14-11-2019 12:55,0.2285,147.65
14-11-2019 12:50,0.3102,147.59
14-11-2019 12:45,0.1302,147.52
14-11-2019 12:40,0.0787,147.42
14-11-2019 12:35,0.6747,147.475
14-11-2019 12:30,0.5797,147.3866
14-11-2019 12:25,0.1759,147.39
14-11-2019 12:20,0.7492,147.3446
14-11-2019 12:15,0.0073,147.4062
14-11-2019 12:10,0.3933,147.33
14-11-2019 12:05,0.4204,147.26
14-11-2019 12:00,0.4352,147.4
14-11-2019 11:55,0.0953,147.35
14-11-2019 11:50,0.4617,147.405
14-11-2019 11:45,0.8466,147.689
14-11-2019 11:40,0.7735,147.77
14-11-2019 11:35,0.7833,147.91
14-11-2019 11:30,0.1606,147.87
14-11-2019 11:25,0.2294,147.92
14-11-2019 11:20,0.2699,147.76
14-11-2019 11:15,0.9181,147.7559
14-11-2019 11:10,0.8374,147.6561
14-11-2019 11:05,0.6041,147.44
14-11-2019 11:00,0.1286,147.41
14-11-2019 10:55,0.3270,147.52
14-11-2019 10:50,0.9775,147.59
14-11-2019 10:45,0.0863,147.62
14-11-2019 10:40,0.8021,147.66
14-11-2019 10:35,0.1455,147.7318
14-11-2019 10:30,0.3994,147.81
14-11-2019 10:25,0.7272,147.885
14-11-2019 10:20,0.4216,147.82
14-11-2019 10:15,0.2631,147.92
14-11-2019 10:10,0.9473,148.05
14-11-2019 10:05,0.7705,147.865
14-11-2019 10:00,0.0520,147.73
14-11-2019 09:55,0.1662,147.6899
14-11-2019 09:50,0.1262,147.59
14-11-2019 09:45,0.2658,147.71
14-11-2019 09:40,0.8190,147.88
14-11-2019 09:35,0.0758,147.21
13-11-2019 16:00,0.8443,147.15
13-11-2019 15:55,0.6995,147.2473
13-11-2019 15:50,0.1369,147.25
13-11-2019 15:45,0.9061,147.1
13-11-2019 15:40,0.6685,147.22
13-11-2019 15:35,0.5875,147.16
13-11-2019 15:30,0.5229,147.195
13-11-2019 15:25,0.4106,147.22
13-11-2019 15:20,0.3258,147.13
13-11-2019 15:15,0.4850,147.11
13-11-2019 15:10,0.8060,147.19
13-11-2019 15:05,0.9583,147.05
13-11-2019 15:00,0.9928,147.01
13-11-2019 14:55,0.8475,147
13-11-2019 14:50,0.3002,146.985
13-11-2019 14:45,0.5234,146.89
13-11-2019 14:40,0.8287,146.88
13-11-2019 14:35,0.1728,146.89
13-11-2019 14:30,0.5181,146.82
13-11-2019 14:25,0.1859,146.82
13-11-2019 14:20,0.5583,146.71
13-11-2019 14:15,0.8380,146.78
13-11-2019 14:10,0.5768,146.79
13-11-2019 14:05,0.4080,146.8159
13-11-2019 14:00,0.4015,146.99
13-11-2019 13:55,0.6293,146.9901
13-11-2019 13:50,0.2032,146.95
13-11-2019 13:45,0.2732,146.9957
13-11-2019 13:40,0.8513,147.07
13-11-2019 13:35,0.4919,147
13-11-2019 13:30,0.9816,146.9861
13-11-2019 13:25,0.9911,147.05
13-11-2019 13:20,0.8340,147.063
13-11-2019 13:15,0.9795,147.08
13-11-2019 13:10,0.7130,147.0395
13-11-2019 13:05,0.0506,147.17
13-11-2019 13:00,0.6628,147.16
13-11-2019 12:55,0.2652,147.19
13-11-2019 12:50,0.9154,147.0635
13-11-2019 12:45,0.9043,147.11
13-11-2019 12:40,0.0944,147.06
13-11-2019 12:35,0.5138,147.0207
13-11-2019 12:30,0.4494,147.1
13-11-2019 12:25,0.6717,147.19
13-11-2019 12:20,0.1820,147.11
13-11-2019 12:15,0.0588,147.0667
13-11-2019 12:10,0.0471,147.02
13-11-2019 12:05,0.8399,147.0861
13-11-2019 12:00,0.6035,147.09
13-11-2019 11:55,0.6435,147.06
13-11-2019 11:50,0.3200,147.09
13-11-2019 11:45,0.5838,146.9813
13-11-2019 11:40,0.2728,147.07
13-11-2019 11:35,0.0685,146.87
13-11-2019 11:30,0.9289,147.005
13-11-2019 11:25,0.6323,147.07
13-11-2019 11:20,0.0103,147.06
13-11-2019 11:15,0.0284,147.05
13-11-2019 11:10,0.6406,147.245
13-11-2019 11:05,0.4435,147.35
13-11-2019 11:00,0.4834,147.19
13-11-2019 10:55,0.0341,147.23
13-11-2019 10:50,0.8000,147.2561
13-11-2019 10:45,0.3745,147.42
13-11-2019 10:40,0.4864,147.13
13-11-2019 10:35,0.6499,147.2618
13-11-2019 10:30,0.4241,147.25
13-11-2019 10:25,0.4130,147.21
13-11-2019 10:20,0.2467,147.23
13-11-2019 10:15,0.1817,147.28
13-11-2019 10:10,0.3502,147.38
13-11-2019 10:05,0.5818,147.14
13-11-2019 10:00,0.4535,146.77
13-11-2019 09:55,0.2639,146.58
13-11-2019 09:50,0.6574,146.62
13-11-2019 09:45,0.0048,146.81
13-11-2019 09:40,0.9152,146.76
13-11-2019 09:35,0.8766,146.4124
12-11-2019 16:00,0.6258,147.05
12-11-2019 15:55,0.1579,146.99
12-11-2019 15:50,0.9447,146.95
12-11-2019 15:45,0.4604,146.92
12-11-2019 15:40,0.2651,146.9615
12-11-2019 15:35,0.5033,146.9
12-11-2019 15:30,0.9463,146.87
12-11-2019 15:25,0.5052,146.84
12-11-2019 15:20,0.9562,146.77
12-11-2019 15:15,0.5209,146.86
12-11-2019 15:10,0.6410,146.755
12-11-2019 15:05,0.6587,146.75
12-11-2019 15:00,0.6141,146.6
12-11-2019 14:55,0.4582,146.71
12-11-2019 14:50,0.6138,146.74
12-11-2019 14:45,0.3633,146.909
12-11-2019 14:40,0.7608,146.98
12-11-2019 14:35,0.3577,146.83
12-11-2019 14:30,0.0733,146.94
12-11-2019 14:25,0.3085,147.05
12-11-2019 14:20,0.1942,146.9
12-11-2019 14:15,0.8704,147.13
12-11-2019 14:10,0.7034,147.02
12-11-2019 14:05,0.5749,147.205
12-11-2019 14:00,0.9670,147.32
12-11-2019 13:55,0.1678,147.3832
12-11-2019 13:50,0.0696,147.33
12-11-2019 13:45,0.9726,147.295
12-11-2019 13:40,0.1664,147.187
12-11-2019 13:35,0.3247,147.225
12-11-2019 13:30,0.4113,147.285
12-11-2019 13:25,0.6122,147.36
12-11-2019 13:20,0.3458,147.39
12-11-2019 13:15,0.7529,147.39
12-11-2019 13:10,0.1731,147.4757
12-11-2019 13:05,0.7351,147.46
12-11-2019 13:00,0.6609,147.307
12-11-2019 12:55,0.5739,147.2513
12-11-2019 12:50,0.0533,147.32
12-11-2019 12:45,0.4786,147.2655
12-11-2019 12:40,0.6417,147.21
12-11-2019 12:35,0.2418,147.19
12-11-2019 12:30,0.7836,147.09
12-11-2019 12:25,0.2679,147.04
12-11-2019 12:20,0.5986,147.2335
12-11-2019 12:15,0.3801,147.08
12-11-2019 12:10,0.0957,147.03
12-11-2019 12:05,0.1058,147.185
12-11-2019 12:00,0.1430,147.22
12-11-2019 11:55,0.9776,147.1869
12-11-2019 11:50,0.2401,147.24
12-11-2019 11:45,0.7561,147.285
12-11-2019 11:40,0.1995,147.3944
12-11-2019 11:35,0.7157,147.4
12-11-2019 11:30,0.9150,147.5
12-11-2019 11:25,0.9334,147.4901
12-11-2019 11:20,0.1523,147.4365
12-11-2019 11:15,0.8031,147.295
12-11-2019 11:10,0.7916,147.16
12-11-2019 11:05,0.7555,147.36
12-11-2019 11:00,0.1492,147.42
12-11-2019 10:55,0.1591,147.37
12-11-2019 10:50,0.0591,147.4255
12-11-2019 10:45,0.7566,147.27
12-11-2019 10:40,0.0137,147.265
12-11-2019 10:35,0.8072,147.36
12-11-2019 10:30,0.3522,147.3942
12-11-2019 10:25,0.1522,147.3015
12-11-2019 10:20,0.1065,147.095
12-11-2019 10:15,0.9707,147.2726
12-11-2019 10:10,0.0419,146.91
12-11-2019 10:05,0.4760,147.1201
12-11-2019 10:00,0.7728,146.89
12-11-2019 09:55,0.6462,146.636
12-11-2019 09:50,0.5106,146.47
12-11-2019 09:45,0.0257,146.68
12-11-2019 09:40,0.7275,146.54
12-11-2019 09:35,0.5777,146.2853
11-11-2019 16:00,0.3780,145.83
11-11-2019 15:55,0.3332,145.9
11-11-2019 15:50,0.1098,145.9
11-11-2019 15:45,0.9566,145.97
11-11-2019 15:40,0.9486,145.99
11-11-2019 15:35,0.5020,146.0641
11-11-2019 15:30,0.4685,146.06
11-11-2019 15:25,0.9122,146.0516
11-11-2019 15:20,0.5778,146.12
11-11-2019 15:15,0.7854,146.12
11-11-2019 15:10,0.1447,146.24
11-11-2019 15:05,0.8684,146.21
11-11-2019 15:00,0.8229,146.25
11-11-2019 14:55,0.0739,146.23
11-11-2019 14:50,0.4664,146.3658
11-11-2019 14:45,0.8109,146.385
11-11-2019 14:40,0.3708,146.3928
11-11-2019 14:35,0.3146,146.365
11-11-2019 14:30,0.8108,146.345
11-11-2019 14:25,0.1733,146.31
11-11-2019 14:20,0.2785,146.255
11-11-2019 14:15,0.6397,146.24
11-11-2019 14:10,0.9190,146.17
11-11-2019 14:05,0.1193,146.14
11-11-2019 14:00,0.6635,146.14
11-11-2019 13:55,0.3938,146.2233
11-11-2019 13:50,0.8294,146.18
11-11-2019 13:45,0.5763,146.18
11-11-2019 13:40,0.0905,146.22
11-11-2019 13:35,0.8191,146.175
11-11-2019 13:30,0.6725,146.115
11-11-2019 13:25,0.1171,146.1207
11-11-2019 13:20,0.6846,146.13
11-11-2019 13:15,0.8925,146.145
11-11-2019 13:10,0.4370,146.1446
11-11-2019 13:05,0.1490,146.085
11-11-2019 13:00,0.1973,146.07
11-11-2019 12:55,0.9672,146.115
11-11-2019 12:50,0.5310,146.1038
11-11-2019 12:45,0.0107,146.0842
11-11-2019 12:40,0.1299,145.965
11-11-2019 12:35,0.5484,145.945
11-11-2019 12:30,0.3785,145.9031
11-11-2019 12:25,0.8370,145.83
11-11-2019 12:20,0.1280,145.83
11-11-2019 12:15,0.7905,145.815
11-11-2019 12:10,0.6386,145.82
11-11-2019 12:05,0.8661,145.84
11-11-2019 12:00,0.9976,145.77
11-11-2019 11:55,0.4729,145.775
11-11-2019 11:50,0.0739,145.7
11-11-2019 11:45,0.7974,145.5878
11-11-2019 11:40,0.6761,145.67
11-11-2019 11:35,0.6938,145.67
11-11-2019 11:30,0.9164,145.66
11-11-2019 11:25,0.0302,145.72
11-11-2019 11:20,0.1368,145.73
11-11-2019 11:15,0.2363,145.6431
11-11-2019 11:10,0.1295,145.57
11-11-2019 11:05,0.8407,145.67
11-11-2019 11:00,0.1183,145.77
11-11-2019 10:55,0.8077,145.861
11-11-2019 10:50,0.1836,145.82
11-11-2019 10:45,0.3006,145.635
11-11-2019 10:40,0.1567,145.61
11-11-2019 10:35,0.2018,145.69
11-11-2019 10:30,0.8512,145.68
11-11-2019 10:25,0.8516,145.72
11-11-2019 10:20,0.1936,145.77
11-11-2019 10:15,0.4375,145.4
11-11-2019 10:10,0.0512,145.515
11-11-2019 10:05,0.5179,145.62
11-11-2019 10:00,0.1033,145.72
11-11-2019 09:55,0.7847,145.63
11-11-2019 09:50,0.1563,145.09
11-11-2019 09:45,0.1903,145.1
11-11-2019 09:40,0.1225,145.02
11-11-2019 09:35,0.2511,145.3454
08-11-2019 16:00,0.3511,145.82
08-11-2019 15:55,0.9472,145.6
08-11-2019 15:50,0.3709,145.63
08-11-2019 15:45,0.6940,145.65
08-11-2019 15:40,0.0720,145.4862
08-11-2019 15:35,0.9820,145.44
08-11-2019 15:30,0.1856,145.385
08-11-2019 15:25,0.2032,145.4
08-11-2019 15:20,0.4468,145.35
08-11-2019 15:15,0.3480,145.16
08-11-2019 15:10,0.6677,145.12
08-11-2019 15:05,0.1261,145.14
08-11-2019 15:00,0.5168,145.12
08-11-2019 14:55,0.4091,145.095
08-11-2019 14:50,0.3127,145.205
08-11-2019 14:45,0.1389,145.15
08-11-2019 14:40,0.6352,145.2
08-11-2019 14:35,0.9356,145.15
08-11-2019 14:30,0.0488,145.14
08-11-2019 14:25,0.0133,145.11
08-11-2019 14:20,0.7648,145.1804
08-11-2019 14:15,0.7543,145.24
08-11-2019 14:10,0.8363,145.18
08-11-2019 14:05,0.3063,145.09
08-11-2019 14:00,0.7388,145.08
08-11-2019 13:55,0.1859,145.0303
08-11-2019 13:50,0.1899,145.1007
08-11-2019 13:45,0.0898,145.085
08-11-2019 13:40,0.1016,145.125
08-11-2019 13:35,0.0131,145.1102
08-11-2019 13:30,0.9089,145.1399
08-11-2019 13:25,0.4123,145.1491
08-11-2019 13:20,0.3623,145.14
08-11-2019 13:15,0.0423,145.145
08-11-2019 13:10,0.5973,145.13
08-11-2019 13:05,0.6561,145.08
08-11-2019 13:00,0.0567,145.17
08-11-2019 12:55,0.0323,145.07
08-11-2019 12:50,0.4633,145.14
08-11-2019 12:45,0.9190,145.38
08-11-2019 12:40,0.4696,145.205
08-11-2019 12:35,0.9487,144.99
08-11-2019 12:30,0.2644,144.89
08-11-2019 12:25,0.1354,144.81
08-11-2019 12:20,0.4674,144.8942
08-11-2019 12:15,0.6214,144.8
08-11-2019 12:10,0.9488,144.755
08-11-2019 12:05,0.5100,144.7023
08-11-2019 12:00,0.2338,144.72
08-11-2019 11:55,0.1714,144.71
08-11-2019 11:50,0.7108,144.69
08-11-2019 11:45,0.6498,144.7253
08-11-2019 11:40,0.2057,144.62
08-11-2019 11:35,0.0236,144.56
08-11-2019 11:30,0.8889,144.55
08-11-2019 11:25,0.8550,144.66
08-11-2019 11:20,0.0398,144.67
08-11-2019 11:15,0.8586,144.58
08-11-2019 11:10,0.1461,144.6432
08-11-2019 11:05,0.9915,144.4
08-11-2019 11:00,0.1239,144.31
08-11-2019 10:55,0.1240,144.35
08-11-2019 10:50,0.2644,144.43
08-11-2019 10:45,0.8935,144.22
08-11-2019 10:40,0.5164,144.315
08-11-2019 10:35,0.7271,144.25
08-11-2019 10:30,0.1593,144.075
08-11-2019 10:25,0.5636,143.8846
08-11-2019 10:20,0.0673,143.97
08-11-2019 10:15,0.2572,143.83
08-11-2019 10:10,0.5410,143.92
08-11-2019 10:05,0.8038,144.15
08-11-2019 10:00,0.3509,144.32
08-11-2019 09:55,0.2603,144.195
08-11-2019 09:50,0.0300,144.285
08-11-2019 09:45,0.7747,144.235
08-11-2019 09:40,0.2676,144
08-11-2019 09:35,0.1500,144.0246
07-11-2019 16:00,0.6661,144.05
07-11-2019 15:55,0.7071,144.02
07-11-2019 15:50,0.3287,143.935
07-11-2019 15:45,0.3702,143.98
07-11-2019 15:40,0.4708,144.1058
07-11-2019 15:35,0.0982,144.0458
07-11-2019 15:30,0.4390,143.88
07-11-2019 15:25,0.4521,143.945
07-11-2019 15:20,0.6541,144.2161
07-11-2019 15:15,0.5759,144.4
07-11-2019 15:10,0.6993,144.46
07-11-2019 15:05,0.0176,144.31
07-11-2019 15:00,0.2372,144.26
07-11-2019 14:55,0.9142,144.125
07-11-2019 14:50,0.1931,144.465
07-11-2019 14:45,0.3736,144.7674
07-11-2019 14:40,0.2406,144.775
07-11-2019 14:35,0.0005,144.79
07-11-2019 14:30,0.5108,144.81
07-11-2019 14:25,0.9219,144.805
07-11-2019 14:20,0.5474,144.775
07-11-2019 14:15,0.5181,144.7444
07-11-2019 14:10,0.3596,144.775
07-11-2019 14:05,0.5661,144.71
07-11-2019 14:00,0.2212,144.69
07-11-2019 13:55,0.2827,144.66
07-11-2019 13:50,0.4409,144.67
07-11-2019 13:45,0.7339,144.65
07-11-2019 13:40,0.7090,144.69
07-11-2019 13:35,0.1124,144.7
07-11-2019 13:30,0.5791,144.6
07-11-2019 13:25,0.8908,144.61
07-11-2019 13:20,0.6328,144.665
07-11-2019 13:15,0.7439,144.65
07-11-2019 13:10,0.1755,144.63
07-11-2019 13:05,0.2947,144.7459
07-11-2019 13:00,0.3516,144.7
07-11-2019 12:55,0.4411,144.715
07-11-2019 12:50,0.1501,144.61
07-11-2019 12:45,0.9859,144.67
07-11-2019 12:40,0.9214,144.69
07-11-2019 12:35,0.9644,144.68
07-11-2019 12:30,0.6587,144.66
07-11-2019 12:25,0.6002,144.54
07-11-2019 12:20,0.3823,144.6
07-11-2019 12:15,0.6621,144.6578
07-11-2019 12:10,0.2505,144.6383
07-11-2019 12:05,0.7275,144.78
07-11-2019 12:00,0.2001,144.57
07-11-2019 11:55,0.4369,144.55
07-11-2019 11:50,0.8341,144.47
07-11-2019 11:45,0.6315,144.5554
07-11-2019 11:40,0.3665,144.665
07-11-2019 11:35,0.8794,144.665
07-11-2019 11:30,0.8267,144.73
07-11-2019 11:25,0.3554,144.7731
07-11-2019 11:20,0.9990,144.7478
07-11-2019 11:15,0.9384,144.7
07-11-2019 11:10,0.3224,144.74
07-11-2019 11:05,0.1654,144.74
07-11-2019 11:00,0.4474,144.65
07-11-2019 10:55,0.7836,144.795
07-11-2019 10:50,0.7772,144.8
07-11-2019 10:45,0.2689,144.73
07-11-2019 10:40,0.2058,144.67
07-11-2019 10:35,0.5582,144.61
07-11-2019 10:30,0.8788,144.7075
07-11-2019 10:25,0.6264,144.71
07-11-2019 10:20,0.7154,144.79
07-11-2019 10:15,0.9001,144.69
07-11-2019 10:10,0.2412,144.6837
07-11-2019 10:05,0.2405,144.69
07-11-2019 10:00,0.1093,144.79
07-11-2019 09:55,0.0893,144.77
07-11-2019 09:50,0.2123,144.7332
07-11-2019 09:45,0.0721,144.41
07-11-2019 09:40,0.1131,144.29
07-11-2019 09:35,0.0318,144.1858
06-11-2019 16:00,0.6456,144.04
06-11-2019 15:55,0.3260,143.99
06-11-2019 15:50,0.4052,143.94
06-11-2019 15:45,0.2682,144.02
06-11-2019 15:40,0.3262,144.01
06-11-2019 15:35,0.7789,144.09
06-11-2019 15:30,0.8139,144.07
06-11-2019 15:25,0.4855,144.115
06-11-2019 15:20,0.1541,144.13
06-11-2019 15:15,0.1990,144.0315
06-11-2019 15:10,0.0944,143.98
06-11-2019 15:05,0.4416,143.96
06-11-2019 15:00,0.0016,143.92
06-11-2019 14:55,0.4025,143.95
06-11-2019 14:50,0.5963,143.94
06-11-2019 14:45,0.7699,143.96
06-11-2019 14:40,0.7018,143.9197
06-11-2019 14:35,0.4126,144
06-11-2019 14:30,0.5700,143.97
06-11-2019 14:25,0.6220,143.94
06-11-2019 14:20,0.6031,143.955
06-11-2019 14:15,0.3859,143.94
06-11-2019 14:10,0.2509,143.97
06-11-2019 14:05,0.9616,143.96
06-11-2019 14:00,0.5887,143.9
06-11-2019 13:55,0.7265,143.86
06-11-2019 13:50,0.8865,143.91
06-11-2019 13:45,0.3763,143.88
06-11-2019 13:40,0.6029,143.87
06-11-2019 13:35,0.6280,143.9494
06-11-2019 13:30,0.7111,143.865
06-11-2019 13:25,0.4541,143.82
06-11-2019 13:20,0.6596,143.7858
06-11-2019 13:15,0.1021,143.69
06-11-2019 13:10,0.2460,143.81
06-11-2019 13:05,0.6094,143.77
06-11-2019 13:00,0.3898,143.76
06-11-2019 12:55,0.5552,143.73
06-11-2019 12:50,0.7012,143.78
06-11-2019 12:45,0.4323,143.7233
06-11-2019 12:40,0.0114,143.67
06-11-2019 12:35,0.8450,143.58
06-11-2019 12:30,0.5061,143.614
06-11-2019 12:25,0.9997,143.63
06-11-2019 12:20,0.6497,143.69
06-11-2019 12:15,0.2176,143.73
06-11-2019 12:10,0.3893,143.46
06-11-2019 12:05,0.7196,143.47
06-11-2019 12:00,0.8045,143.37
06-11-2019 11:55,0.9964,143.4828
06-11-2019 11:50,0.2631,143.62
06-11-2019 11:45,0.1057,143.93
06-11-2019 11:40,0.7406,143.93
06-11-2019 11:35,0.3057,143.875
06-11-2019 11:30,0.6414,143.75
06-11-2019 11:25,0.9814,143.8685
06-11-2019 11:20,0.2472,143.76
06-11-2019 11:15,0.1451,143.83
06-11-2019 11:10,0.4710,143.86
06-11-2019 11:05,0.9856,143.88
06-11-2019 11:00,0.7813,143.93
06-11-2019 10:55,0.1327,143.97
06-11-2019 10:50,0.0584,143.97
06-11-2019 10:45,0.7864,143.98
06-11-2019 10:40,0.7221,143.9673
06-11-2019 10:35,0.9769,143.825
06-11-2019 10:30,0.7137,144.04
06-11-2019 10:25,0.8805,143.92
06-11-2019 10:20,0.9801,143.89
06-11-2019 10:15,0.0128,144.091
06-11-2019 10:10,0.0143,143.955
06-11-2019 10:05,0.2378,144.04
06-11-2019 10:00,0.6282,144.03
06-11-2019 09:55,0.6910,144.08
06-11-2019 09:50,0.8990,143.96
06-11-2019 09:45,0.0206,143.944
06-11-2019 09:40,0.6581,143.89
06-11-2019 09:35,0.9179,144.11
05-11-2019 16:00,0.1367,144.65
05-11-2019 15:55,0.2480,144.66
05-11-2019 15:50,0.7811,144.695
05-11-2019 15:45,0.6975,144.7346
05-11-2019 15:40,0.6786,144.64
05-11-2019 15:35,0.1002,144.59
05-11-2019 15:30,0.7834,144.7
05-11-2019 15:25,0.2384,144.6
05-11-2019 15:20,0.7408,144.589
05-11-2019 15:15,0.9100,144.555
05-11-2019 15:10,0.7117,144.53
05-11-2019 15:05,0.9476,144.515
05-11-2019 15:00,0.4210,144.5
05-11-2019 14:55,0.2745,144.5178
05-11-2019 14:50,0.7214,144.515
05-11-2019 14:45,0.2228,144.5611
05-11-2019 14:40,0.7514,144.6
05-11-2019 14:35,0.9029,144.625
05-11-2019 14:30,0.8339,144.59
05-11-2019 14:25,0.5913,144.6705
05-11-2019 14:20,0.5932,144.645
05-11-2019 14:15,0.7205,144.645
05-11-2019 14:10,0.6588,144.5924
05-11-2019 14:05,0.8165,144.578
05-11-2019 14:00,0.3533,144.57
05-11-2019 13:55,0.1163,144.56
05-11-2019 13:50,0.3499,144.5257
05-11-2019 13:45,0.9336,144.495
05-11-2019 13:40,0.8861,144.57
05-11-2019 13:35,0.5853,144.65
05-11-2019 13:30,0.8124,144.7
05-11-2019 13:25,0.6252,144.67
05-11-2019 13:20,0.9806,144.68
05-11-2019 13:15,0.1748,144.66
05-11-2019 13:10,0.3886,144.6506
05-11-2019 13:05,0.9995,144.7
05-11-2019 13:00,0.8436,144.63
05-11-2019 12:55,0.5700,144.64
05-11-2019 12:50,0.8248,144.67
05-11-2019 12:45,0.8157,144.515
05-11-2019 12:40,0.0801,144.4642
05-11-2019 12:35,0.2948,144.49
05-11-2019 12:30,0.8603,144.43
05-11-2019 12:25,0.4042,144.445
05-11-2019 12:20,0.2306,144.5
05-11-2019 12:15,0.8935,144.56
05-11-2019 12:10,0.4719,144.59
05-11-2019 12:05,0.1384,144.53
05-11-2019 12:00,0.0597,144.49
05-11-2019 11:55,0.7701,144.35
05-11-2019 11:50,0.7496,144.35
05-11-2019 11:45,0.8973,144.5
05-11-2019 11:40,0.0172,144.58
05-11-2019 11:35,0.7017,144.545
05-11-2019 11:30,0.3880,144.43
05-11-2019 11:25,0.9607,144.41
05-11-2019 11:20,0.7971,144.39
05-11-2019 11:15,0.5184,144.335
05-11-2019 11:10,0.3570,144.17
05-11-2019 11:05,0.3963,144.15
05-11-2019 11:00,0.7457,144.11
05-11-2019 10:55,0.6546,144.23
05-11-2019 10:50,0.1096,144.195
05-11-2019 10:45,0.0436,144.39
05-11-2019 10:40,0.8567,144.255
05-11-2019 10:35,0.6147,144.16
05-11-2019 10:30,0.7097,144.125
05-11-2019 10:25,0.6441,144.06
05-11-2019 10:20,0.7748,144.1
05-11-2019 10:15,0.0038,144.1647
05-11-2019 10:10,0.0925,144.46
05-11-2019 10:05,0.2843,144.42
05-11-2019 10:00,0.3392,144.43
05-11-2019 09:55,0.1555,144.43
05-11-2019 09:50,0.6347,144.6254
05-11-2019 09:45,0.7363,144.58
05-11-2019 09:40,0.1049,144.855
05-11-2019 09:35,0.6752,144.98
04-11-2019 16:00,0.8912,144.53
04-11-2019 15:55,0.1798,144.49
04-11-2019 15:50,0.7509,144.395
04-11-2019 15:45,0.0173,144.31
04-11-2019 15:40,0.4762,144.375
04-11-2019 15:35,0.4292,144.31
04-11-2019 15:30,0.0414,144.43
04-11-2019 15:25,0.0209,144.33
04-11-2019 15:20,0.8247,144.2836
04-11-2019 15:15,0.2027,144.415
04-11-2019 15:10,0.0809,144.42
04-11-2019 15:05,0.4711,144.385
04-11-2019 15:00,0.4664,144.46
04-11-2019 14:55,0.6415,144.525
04-11-2019 14:50,0.1617,144.54
04-11-2019 14:45,0.0549,144.55
04-11-2019 14:40,0.3396,144.575
04-11-2019 14:35,0.6733,144.52
04-11-2019 14:30,0.6867,144.6
04-11-2019 14:25,0.0013,144.63
04-11-2019 14:20,0.1061,144.6542
04-11-2019 14:15,0.2621,144.64
04-11-2019 14:10,0.1329,144.605
04-11-2019 14:05,0.4787,144.65
04-11-2019 14:00,0.2245,144.67
04-11-2019 13:55,0.4402,144.7576
04-11-2019 13:50,0.4461,144.765
04-11-2019 13:45,0.9963,144.686
04-11-2019 13:40,0.4020,144.67
04-11-2019 13:35,0.2274,144.735
04-11-2019 13:30,0.3786,144.7749
04-11-2019 13:25,0.1536,144.76
04-11-2019 13:20,0.1146,144.71
04-11-2019 13:15,0.3699,144.715
04-11-2019 13:10,0.4457,144.79
04-11-2019 13:05,0.9359,144.7672
04-11-2019 13:00,0.1486,144.69
04-11-2019 12:55,0.5914,144.7351
04-11-2019 12:50,0.3681,144.785
04-11-2019 12:45,0.0464,144.63
04-11-2019 12:40,0.4248,144.665
04-11-2019 12:35,0.4220,144.645
04-11-2019 12:30,0.2190,144.63
04-11-2019 12:25,0.1707,144.675
04-11-2019 12:20,0.5824,144.67
04-11-2019 12:15,0.6551,144.6389
04-11-2019 12:10,0.6318,144.6436
04-11-2019 12:05,0.9150,144.6
04-11-2019 12:00,0.6097,144.69
04-11-2019 11:55,0.3588,144.7359
04-11-2019 11:50,0.2598,144.695
04-11-2019 11:45,0.3159,144.585
04-11-2019 11:40,0.5962,144.615
04-11-2019 11:35,0.9744,144.515
04-11-2019 11:30,0.8262,144.53
04-11-2019 11:25,0.6649,144.4597
04-11-2019 11:20,0.1815,144.44
04-11-2019 11:15,0.4065,144.53
04-11-2019 11:10,0.1130,144.45
04-11-2019 11:05,0.4554,144.44
04-11-2019 11:00,0.5217,144.43
04-11-2019 10:55,0.1030,144.48
04-11-2019 10:50,0.4907,144.585
04-11-2019 10:45,0.6726,144.47
04-11-2019 10:40,0.0339,144.5664
04-11-2019 10:35,0.4535,144.605
04-11-2019 10:30,0.2959,144.425
04-11-2019 10:25,0.9066,144.3
04-11-2019 10:20,0.3786,144.385
04-11-2019 10:15,0.6002,144.29
04-11-2019 10:10,0.7523,144.3756
04-11-2019 10:05,0.3748,144.4152
04-11-2019 10:00,0.6632,144.35
04-11-2019 09:55,0.5194,144.23
04-11-2019 09:50,0.6448,144.4092
04-11-2019 09:45,0.9232,144.55
04-11-2019 09:40,0.0528,144.295
04-11-2019 09:35,0.7760,144.83
01-11-2019 16:00,0.5389,143.25
01-11-2019 15:55,0.5502,143.41
01-11-2019 15:50,0.5403,143.49
01-11-2019 15:45,0.3074,143.54
01-11-2019 15:40,0.3065,143.42
01-11-2019 15:35,0.2889,143.445
01-11-2019 15:30,0.5357,143.365
01-11-2019 15:25,0.5235,143.425
01-11-2019 15:20,0.8502,143.395
01-11-2019 15:15,0.2878,143.335
01-11-2019 15:10,0.4585,143.21
01-11-2019 15:05,0.9077,143.37
01-11-2019 15:00,0.3235,143.23
01-11-2019 14:55,0.6124,143.32
01-11-2019 14:50,0.5482,143.3
01-11-2019 14:45,0.7318,143.3146
01-11-2019 14:40,0.8611,143.2869
01-11-2019 14:35,0.3059,143.31
01-11-2019 14:30,0.8584,143.28
01-11-2019 14:25,0.0662,143.25
01-11-2019 14:20,0.0516,143.31
01-11-2019 14:15,0.9448,143.31
01-11-2019 14:10,0.1620,143.29
01-11-2019 14:05,0.6535,143.325
01-11-2019 14:00,0.0924,143.33
01-11-2019 13:55,0.2309,143.285
01-11-2019 13:50,0.8923,143.15
01-11-2019 13:45,0.0065,143.1301
01-11-2019 13:40,0.5206,143.195
01-11-2019 13:35,0.9498,143.1
01-11-2019 13:30,0.2626,143.075
01-11-2019 13:25,0.5988,143.035
01-11-2019 13:20,0.0986,143.21
01-11-2019 13:15,0.9447,143.17
01-11-2019 13:10,0.2530,143.1
01-11-2019 13:05,0.9856,143.0268
01-11-2019 13:00,0.7582,143.13
01-11-2019 12:55,0.6155,143.17
01-11-2019 12:50,0.5893,143.16
01-11-2019 12:45,0.5882,143.1401
01-11-2019 12:40,0.1414,143.191
01-11-2019 12:35,0.9046,143.27
01-11-2019 12:30,0.3345,143.2559
01-11-2019 12:25,0.2072,143.1185
01-11-2019 12:20,0.8672,143.06
01-11-2019 12:15,0.0622,143.125
01-11-2019 12:10,0.3414,143.19
01-11-2019 12:05,0.9781,143.42
01-11-2019 12:00,0.6474,143.37
01-11-2019 11:55,0.7779,143.425
01-11-2019 11:50,0.2938,143.39
01-11-2019 11:45,0.8875,143.385
01-11-2019 11:40,0.5508,143.4999
01-11-2019 11:35,0.1996,143.4769
01-11-2019 11:30,0.7844,143.6045
01-11-2019 11:25,0.0064,143.64
01-11-2019 11:20,0.3483,143.6715
01-11-2019 11:15,0.0426,143.5074
01-11-2019 11:10,0.7234,143.415
01-11-2019 11:05,0.2899,143.52
01-11-2019 11:00,0.0733,143.54
01-11-2019 10:55,0.9682,143.5
01-11-2019 10:50,0.6485,143.61
01-11-2019 10:45,0.2947,143.47
01-11-2019 10:40,0.5051,143.56
01-11-2019 10:35,0.1396,143.6
01-11-2019 10:30,0.4475,143.75
01-11-2019 10:25,0.2661,143.66
01-11-2019 10:20,0.5072,143.785
01-11-2019 10:15,0.5344,143.78
01-11-2019 10:10,0.1981,143.645
01-11-2019 10:05,0.5035,143.2838
01-11-2019 10:00,0.5741,143.75
01-11-2019 09:55,0.9821,143.705
01-11-2019 09:50,0.7959,143.62
01-11-2019 09:45,0.0924,143.655
01-11-2019 09:40,0.2217,143.485
01-11-2019 09:35,0.8863,144.26
31-10-2019 16:00,0.2424,143.11
31-10-2019 15:55,0.4196,143.255
31-10-2019 15:50,0.0480,143.37
31-10-2019 15:45,0.7159,143.38
31-10-2019 15:40,0.0114,143.45
31-10-2019 15:35,0.3880,143.3
31-10-2019 15:30,0.2951,143.313
31-10-2019 15:25,0.7868,143.3477
31-10-2019 15:20,0.6458,143.29
31-10-2019 15:15,0.8186,143.285
31-10-2019 15:10,0.1693,143.35
31-10-2019 15:05,0.6928,143.3
31-10-2019 15:00,0.1297,143.24
31-10-2019 14:55,0.0684,143.28
31-10-2019 14:50,0.8669,143.324
31-10-2019 14:45,0.1799,143.39
31-10-2019 14:40,0.8181,143.5461
31-10-2019 14:35,0.8051,143.54
31-10-2019 14:30,0.4364,143.56
31-10-2019 14:25,0.7390,143.4619
31-10-2019 14:20,0.5498,143.5076
31-10-2019 14:15,0.7357,143.445
31-10-2019 14:10,0.9206,143.435
31-10-2019 14:05,0.6729,143.59
31-10-2019 14:00,0.4906,143.685
31-10-2019 13:55,0.8935,143.65
31-10-2019 13:50,0.1213,143.835
31-10-2019 13:45,0.4587,143.88
31-10-2019 13:40,0.8530,143.79
31-10-2019 13:35,0.2870,143.74
31-10-2019 13:30,0.6465,143.6612
31-10-2019 13:25,0.7506,143.5776
31-10-2019 13:20,0.8542,143.575
31-10-2019 13:15,0.9376,143.7415
31-10-2019 13:10,0.1950,143.66
31-10-2019 13:05,0.2656,143.575
31-10-2019 13:00,0.7161,143.5607
31-10-2019 12:55,0.3312,143.577
31-10-2019 12:50,0.6405,143.64
31-10-2019 12:45,0.1281,143.7211
31-10-2019 12:40,0.5885,143.73
31-10-2019 12:35,0.5364,143.92
31-10-2019 12:30,0.6233,143.85
31-10-2019 12:25,0.1841,143.87
31-10-2019 12:20,0.2247,144.03
31-10-2019 12:15,0.8927,143.965
31-10-2019 12:10,0.2406,143.74
31-10-2019 12:05,0.3796,143.87
31-10-2019 12:00,0.6896,143.99
31-10-2019 11:55,0.2042,143.9911
31-10-2019 11:50,0.2156,144.05
31-10-2019 11:45,0.7353,144.0061
31-10-2019 11:40,0.8787,143.835
31-10-2019 11:35,0.4307,143.99
31-10-2019 11:30,0.0947,144.21
31-10-2019 11:25,0.3548,144.1592
31-10-2019 11:20,0.5234,144.325
31-10-2019 11:15,0.7784,144.455
31-10-2019 11:10,0.6461,144.26
31-10-2019 11:05,0.4458,144.22
31-10-2019 11:00,0.7616,144.14
31-10-2019 10:55,0.2897,144.02
31-10-2019 10:50,0.4943,143.8332
31-10-2019 10:45,0.6416,143.64
31-10-2019 10:40,0.0201,143.62
31-10-2019 10:35,0.9514,143.9932
31-10-2019 10:30,0.5133,143.7932
31-10-2019 10:25,0.4652,143.93
31-10-2019 10:20,0.3141,143.77
31-10-2019 10:15,0.3069,144.06
31-10-2019 10:10,0.0688,144.01
31-10-2019 10:05,0.9760,144.08
31-10-2019 10:00,0.5953,143.99
31-10-2019 09:55,0.3386,144.16
31-10-2019 09:50,0.6543,144.26
31-10-2019 09:45,0.0890,144.61
31-10-2019 09:40,0.8294,144.63
31-10-2019 09:35,0.1692,144.9052
30-10-2019 16:00,0.8968,144.68
30-10-2019 15:55,0.9901,144.6
30-10-2019 15:50,0.9181,144.675
30-10-2019 15:45,0.6312,144.6
30-10-2019 15:40,0.5867,144.655
30-10-2019 15:35,0.7067,144.595
30-10-2019 15:30,0.0390,144.81
30-10-2019 15:25,0.0024,144.67
30-10-2019 15:20,0.8475,144.545
30-10-2019 15:15,0.4984,144.4134
30-10-2019 15:10,0.2250,144.44
30-10-2019 15:05,0.9493,144.18
30-10-2019 15:00,0.9070,144.2
30-10-2019 14:55,0.6320,143.855
30-10-2019 14:50,0.6996,143.7938
30-10-2019 14:45,0.6782,143.52
30-10-2019 14:40,0.9308,143.54
30-10-2019 14:35,0.8326,143.72
30-10-2019 14:30,0.9265,143.79
30-10-2019 14:25,0.0683,143.85
30-10-2019 14:20,0.1997,143.74
30-10-2019 14:15,0.3905,143.52
30-10-2019 14:10,0.0018,143.5028
30-10-2019 14:05,0.5176,143.3646
30-10-2019 14:00,0.8999,143.56
30-10-2019 13:55,0.9844,143.55
30-10-2019 13:50,0.8663,143.645
30-10-2019 13:45,0.3392,143.64
30-10-2019 13:40,0.1112,143.66
30-10-2019 13:35,0.3963,143.72
30-10-2019 13:30,0.8024,143.7754
30-10-2019 13:25,0.8149,143.81
30-10-2019 13:20,0.6626,143.785
30-10-2019 13:15,0.9041,143.71
30-10-2019 13:10,0.5221,143.69
30-10-2019 13:05,0.8288,143.715
30-10-2019 13:00,0.2426,143.81
30-10-2019 12:55,0.3369,143.86
30-10-2019 12:50,0.0755,143.8799
30-10-2019 12:45,0.4314,143.839
30-10-2019 12:40,0.7261,143.785
30-10-2019 12:35,0.6440,143.73
30-10-2019 12:30,0.9789,143.815
30-10-2019 12:25,0.3031,143.79
30-10-2019 12:20,0.3599,143.77
30-10-2019 12:15,0.3359,143.7423
30-10-2019 12:10,0.0969,143.64
30-10-2019 12:05,0.3350,143.63
30-10-2019 12:00,0.6625,143.69
30-10-2019 11:55,0.3738,143.745
30-10-2019 11:50,0.3045,143.61
30-10-2019 11:45,0.3113,143.6016
30-10-2019 11:40,0.6869,143.67
30-10-2019 11:35,0.4941,143.6286
30-10-2019 11:30,0.3392,143.6143
30-10-2019 11:25,0.6347,143.655
30-10-2019 11:20,0.8715,143.725
30-10-2019 11:15,0.3831,143.7
30-10-2019 11:10,0.9597,143.7058
30-10-2019 11:05,0.0515,143.7954
30-10-2019 11:00,0.8639,143.79
30-10-2019 10:55,0.4676,143.815
30-10-2019 10:50,0.1750,143.62
30-10-2019 10:45,0.7689,143.5
30-10-2019 10:40,0.0177,143.4497
30-10-2019 10:35,0.8629,143.5323
30-10-2019 10:30,0.1620,143.36
30-10-2019 10:25,0.4927,143.27
30-10-2019 10:20,0.6302,143.11
30-10-2019 10:15,0.3493,143.03
30-10-2019 10:10,0.3095,143.18
30-10-2019 10:05,0.3471,143.3178
30-10-2019 10:00,0.1482,143.26
30-10-2019 09:55,0.9475,143.235
30-10-2019 09:50,0.5562,143.165
30-10-2019 09:45,0.7911,143.2
30-10-2019 09:40,0.8430,143.17
30-10-2019 09:35,0.3581,143.5254
29-10-2019 16:00,0.6833,142.79
29-10-2019 15:55,0.5599,142.89
29-10-2019 15:50,0.8664,142.935
29-10-2019 15:45,0.3955,142.82
29-10-2019 15:40,0.0892,142.99
29-10-2019 15:35,0.7467,142.955
29-10-2019 15:30,0.2558,143.085
29-10-2019 15:25,0.8655,143.22
29-10-2019 15:20,0.1664,143.1
29-10-2019 15:15,0.0806,143.02
29-10-2019 15:10,0.1458,143.07
29-10-2019 15:05,0.5024,143.09
29-10-2019 15:00,0.6400,143.09
29-10-2019 14:55,0.9480,143.0426
29-10-2019 14:50,0.0961,142.94
29-10-2019 14:45,0.5144,142.915
29-10-2019 14:40,0.8040,142.835
29-10-2019 14:35,0.4946,142.85
29-10-2019 14:30,0.1469,142.94
29-10-2019 14:25,0.2575,142.87
29-10-2019 14:20,0.9522,142.93
29-10-2019 14:15,0.0774,142.95
29-10-2019 14:10,0.6151,142.823
29-10-2019 14:05,0.0618,142.8551
29-10-2019 14:00,0.0507,142.9
29-10-2019 13:55,0.9147,142.885
29-10-2019 13:50,0.9456,142.865
29-10-2019 13:45,0.9469,142.88
29-10-2019 13:40,0.7594,143.055
29-10-2019 13:35,0.7607,143.1001
29-10-2019 13:30,0.7225,143.275
29-10-2019 13:25,0.2364,143.4275
29-10-2019 13:20,0.6658,143.4034
29-10-2019 13:15,0.8683,143.5
29-10-2019 13:10,0.9558,143.565
29-10-2019 13:05,0.4964,143.53
29-10-2019 13:00,0.7428,143.6
29-10-2019 12:55,0.8331,143.54
29-10-2019 12:50,0.6957,143.5667
29-10-2019 12:45,0.7235,143.6049
29-10-2019 12:40,0.4118,143.7
29-10-2019 12:35,0.3623,143.57
29-10-2019 12:30,0.5004,143.5
29-10-2019 12:25,0.3465,143.353
29-10-2019 12:20,0.4267,143.32
29-10-2019 12:15,0.5851,143.23
29-10-2019 12:10,0.0795,143.17
29-10-2019 12:05,0.3044,143.16
29-10-2019 12:00,0.3442,143.49
29-10-2019 11:55,0.4974,143.33
29-10-2019 11:50,0.1248,143.31
29-10-2019 11:45,0.3595,143.138
29-10-2019 11:40,0.1334,143.23
29-10-2019 11:35,0.8914,143.04
29-10-2019 11:30,0.7034,142.93
29-10-2019 11:25,0.7048,143.31
29-10-2019 11:20,0.8709,143.47
29-10-2019 11:15,0.4274,143.53
29-10-2019 11:10,0.7871,143.685
29-10-2019 11:05,0.5498,143.43
29-10-2019 11:00,0.3507,143.43
29-10-2019 10:55,0.1242,143.77
29-10-2019 10:50,0.6595,143.71
29-10-2019 10:45,0.8443,143.8
29-10-2019 10:40,0.7626,143.91
29-10-2019 10:35,0.1516,143.7854
29-10-2019 10:30,0.8407,143.715
29-10-2019 10:25,0.9011,143.7642
29-10-2019 10:20,0.6020,143.905
29-10-2019 10:15,0.0982,143.76
29-10-2019 10:10,0.0561,143.829
29-10-2019 10:05,0.7137,144.08
29-10-2019 10:00,0.1759,144.27
29-10-2019 09:55,0.6048,144.08
29-10-2019 09:50,0.4949,144.15
29-10-2019 09:45,0.8725,144.2237
29-10-2019 09:40,0.6876,144.126
29-10-2019 09:35,0.2869,144.08
28-10-2019 16:00,0.0026,144.06
28-10-2019 15:55,0.8137,144.08
28-10-2019 15:50,0.9300,144.0566
28-10-2019 15:45,0.7921,144.1
28-10-2019 15:40,0.2408,144.12
28-10-2019 15:35,0.4839,144.12
28-10-2019 15:30,0.2401,144.14
28-10-2019 15:25,0.8208,143.96
28-10-2019 15:20,0.3920,144.18
28-10-2019 15:15,0.3054,144.265
28-10-2019 15:10,0.6693,144.32
28-10-2019 15:05,0.8997,144.35
28-10-2019 15:00,0.8214,144.35
28-10-2019 14:55,0.3488,144.265
28-10-2019 14:50,0.1562,144.31
28-10-2019 14:45,0.8620,144.3201
28-10-2019 14:40,0.8528,144.3701
28-10-2019 14:35,0.0206,144.225
28-10-2019 14:30,0.4050,144.2
28-10-2019 14:25,0.1931,144.16
28-10-2019 14:20,0.1176,144.0883
28-10-2019 14:15,0.6164,144.066
28-10-2019 14:10,0.0414,144.06
28-10-2019 14:05,0.0588,144.11
28-10-2019 14:00,0.4039,144.14
28-10-2019 13:55,0.2670,144.2856
28-10-2019 13:50,0.9990,144.25
28-10-2019 13:45,0.2135,144.1901
28-10-2019 13:40,0.7754,144.1634
28-10-2019 13:35,0.2142,144.0561
28-10-2019 13:30,0.0517,143.91
28-10-2019 13:25,0.1690,143.915
28-10-2019 13:20,0.8395,143.851
28-10-2019 13:15,0.9883,143.64
28-10-2019 13:10,0.1592,143.57
28-10-2019 13:05,0.3976,143.6
28-10-2019 13:00,0.3326,143.67
28-10-2019 12:55,0.7719,143.75
28-10-2019 12:50,0.5128,143.74
28-10-2019 12:45,0.1174,143.65
28-10-2019 12:40,0.7671,143.5662
28-10-2019 12:35,0.6484,143.69
28-10-2019 12:30,0.1045,143.545
28-10-2019 12:25,0.7109,143.775
28-10-2019 12:20,0.3656,143.56
28-10-2019 12:15,0.8251,143.72
28-10-2019 12:10,0.1825,143.9
28-10-2019 12:05,0.3006,144
28-10-2019 12:00,0.7554,144.15
28-10-2019 11:55,0.4952,144.11
28-10-2019 11:50,0.3093,144.1676
28-10-2019 11:45,0.1090,143.72
28-10-2019 11:40,0.8297,143.625
28-10-2019 11:35,0.5787,143.76
28-10-2019 11:30,0.0792,143.69
28-10-2019 11:25,0.2002,143.79
28-10-2019 11:20,0.9350,143.73
28-10-2019 11:15,0.0170,143.845
28-10-2019 11:10,0.4169,143.87
28-10-2019 11:05,0.9677,143.89
28-10-2019 11:00,0.1373,143.86
28-10-2019 10:55,0.9673,143.83
28-10-2019 10:50,0.1306,144
28-10-2019 10:45,0.6979,143.82
28-10-2019 10:40,0.7220,143.9
28-10-2019 10:35,0.4280,144.3313
28-10-2019 10:30,0.2596,144.4473
28-10-2019 10:25,0.3185,144.36
28-10-2019 10:20,0.8071,144.305
28-10-2019 10:15,0.7475,144.41
28-10-2019 10:10,0.5339,144.4
28-10-2019 10:05,0.4884,144.4096
28-10-2019 10:00,0.5742,144.68
28-10-2019 09:55,0.5643,144.73
28-10-2019 09:50,0.0659,144.586
28-10-2019 09:45,0.5132,144.95
28-10-2019 09:40,0.0946,145.185
28-10-2019 09:35,0.8053,144.74
